SKU_Mueble;Cod_Elemento;Nombre_Pieza;Cantidad;Largo;Ancho;Espesor
3522;1;R112- -BASE-GRANDE- -(1,20-1,50-1,80) Nï¿½1;1;583;443;15
3522;3;R112- -COSTADO-DER-(1.20-0.90)-Nï¿½3;1;1820;443;15
3522;4;R112- -ESTANTE-GRANDE- -Nï¿½4;3;583;354;15
3522;7;R112- -TAPA-CAJONERA-GRANDE- -Nï¿½7;1;583;443;15
3522;8;R112- -DIVISORIO- -Nï¿½8;1;1715;443;15
3522;9;R112- -COSTADO-(1.80-1.50)-IZQ-(1.20-0.90)- -Nï¿½9;1;1820;443;15
3522;19;R112- -ZOCALO-DELANTERO-(1.20)- -Nï¿½19;1;1181;105;15
3522;20;R112- -TECHO-(1.20)- -Nï¿½20;1;1211;443;15
3522;21;R112- -ZOCALO-TRASERO-(1.20)- -Nï¿½21;1;1181;105;15
3522;51;R112- -COSTADO-CAJï¿½N- -Nï¿½51;4;400;120;12
3522;52;R112- -FRENTE-CAJï¿½N- -Nï¿½52;2;593;173;15
3522;53;R112- -TRAS-CAJï¿½N- -Nï¿½53;2;533;110;12
3522;56;R112- -FONDO-CAJï¿½N- -Nï¿½56;2;557;407;3
3522;102;R112- -FONDO- -Nï¿½102;4;1740;299;3
3522;110;R112- -PUERTA-CHICA- -Nï¿½110;2;1361;296;15
3522;111;R112- -PUERTA-GRANDE- -Nï¿½111;2;1718;295;15
3523;1;R112- -BASE-GRANDE- -(1,20-1,50-1,80) Nï¿½1;1;583;443;15
3523;3;R112- -COSTADO-DER-(1.20-0.90)-Nï¿½3;1;1820;443;15
3523;4;R112- -ESTANTE-GRANDE- -Nï¿½4;3;583;354;15
3523;7;R112- -TAPA-CAJONERA-GRANDE- -Nï¿½7;1;583;443;15
3523;8;R112- -DIVISORIO- -Nï¿½8;1;1715;443;15
3523;9;R112- -COSTADO-(1.80-1.50)-IZQ-(1.20-0.90)- -Nï¿½9;1;1820;443;15
3523;19;R112- -ZOCALO-DELANTERO-(1.20)- -Nï¿½19;1;1181;105;15
3523;20;R112- -TECHO-(1.20)- -Nï¿½20;1;1211;443;15
3523;21;R112- -ZOCALO-TRASERO-(1.20)- -Nï¿½21;1;1181;105;15
3523;51;R112- -COSTADO-CAJï¿½N- -Nï¿½51;4;400;120;12
3523;52;R112- -FRENTE-CAJï¿½N- -Nï¿½52;2;593;173;15
3523;53;R112- -TRAS-CAJï¿½N- -Nï¿½53;2;533;110;12
3523;56;R112- -FONDO-CAJï¿½N- -Nï¿½56;2;557;407;3
3523;102;R112- -FONDO- -Nï¿½102;4;1740;299;3
3523;110;R112- -PUERTA-CHICA- -Nï¿½110;2;1361;296;15
3523;111;R112- -PUERTA-GRANDE- -Nï¿½111;2;1718;295;15
3524;1;R112- -BASE-GRANDE- -(1,20-1,50-1,80) Nï¿½1;1;583;443;15
3524;3;R112- -COSTADO-DER-(1.20-0.90)-Nï¿½3;1;1820;443;15
3524;4;R112- -ESTANTE-GRANDE- -Nï¿½4;3;583;354;15
3524;7;R112- -TAPA-CAJONERA-GRANDE- -Nï¿½7;1;583;443;15
3524;8;R112- -DIVISORIO- -Nï¿½8;1;1715;443;15
3524;9;R112- -COSTADO-(1.80-1.50)-IZQ-(1.20-0.90)- -Nï¿½9;1;1820;443;15
3524;19;R112- -ZOCALO-DELANTERO-(1.20)- -Nï¿½19;1;1181;105;15
3524;20;R112- -TECHO-(1.20)- -Nï¿½20;1;1211;443;15
3524;21;R112- -ZOCALO-TRASERO-(1.20)- -Nï¿½21;1;1181;105;15
3524;51;R112- -COSTADO-CAJï¿½N- -Nï¿½51;4;400;120;12
3524;52;R112- -FRENTE-CAJï¿½N- -Nï¿½52;2;593;173;15
3524;53;R112- -TRAS-CAJï¿½N- -Nï¿½53;2;533;110;12
3524;56;R112- -FONDO-CAJï¿½N- -Nï¿½56;2;557;407;3
3524;102;R112- -FONDO- -Nï¿½102;4;1740;299;3
3524;110;R112- -PUERTA-CHICA- -Nï¿½110;2;1361;296;15
3524;111;R112- -PUERTA-GRANDE- -Nï¿½111;2;1718;295;15
3525;1;R112- -BASE-GRANDE- -(1,20-1,50-1,80) Nï¿½1;1;583;443;15
3525;3;R112- -COSTADO-DER-(1.20-0.90)-Nï¿½3;1;1820;443;15
3525;4;R112- -ESTANTE-GRANDE- -Nï¿½4;3;583;354;15
3525;7;R112- -TAPA-CAJONERA-GRANDE- -Nï¿½7;1;583;443;15
3525;8;R112- -DIVISORIO- -Nï¿½8;1;1715;443;15
3525;9;R112- -COSTADO-(1.80-1.50)-IZQ-(1.20-0.90)- -Nï¿½9;1;1820;443;15
3525;19;R112- -ZOCALO-DELANTERO-(1.20)- -Nï¿½19;1;1181;105;15
3525;20;R112- -TECHO-(1.20)- -Nï¿½20;1;1211;443;15
3525;21;R112- -ZOCALO-TRASERO-(1.20)- -Nï¿½21;1;1181;105;15
3525;51;R112- -COSTADO-CAJï¿½N- -Nï¿½51;4;400;120;12
3525;52;R112- -FRENTE-CAJï¿½N- -Nï¿½52;2;593;173;15
3525;53;R112- -TRAS-CAJï¿½N- -Nï¿½53;2;533;110;12
3525;56;R112- -FONDO-CAJï¿½N- -Nï¿½56;2;557;407;3
3525;102;R112- -FONDO- -Nï¿½102;4;1740;299;3
3525;110;R112- -PUERTA-CHICA- -Nï¿½110;2;1361;296;15
3525;111;R112- -PUERTA-GRANDE- -Nï¿½111;2;1718;295;15
3502;1;R112- -BASE-GRANDE- -(1,20-1,50-1,80)Nï¿½1;2;583;443;15
3502;4;R112- -ESTANTE-GRANDE- -Nï¿½4;4;583;354;15
3502;7;R112- -TAPA-CAJONERA-GRANDE- -Nï¿½7;1;583;443;15
3502;8;R112- -DIVISORIO- -Nï¿½8;2;1715;443;15
3502;9;R112- -COSTADO-DER-(1.80-1.50)-IZQ-(1.20-0.90)- -Nï¿½9;2;1820;443;15
3502;25;R112- -ZOCALO-DELANTERO-(1.80)- -Nï¿½25;1;1779;105;15
3502;26;R112- -TECHO-(1.80)- -Nï¿½26;1;1809;443;15
3502;27;R112- -ZOCALO-TRASERO-(1.80)- -Nï¿½27;1;1779;105;15
3502;51;R112- -COSTADO-CAJï¿½N- -Nï¿½51;4;400;120;12
3502;52;R112- -FRENTE-CAJï¿½N- -Nï¿½52;2;593;173;15
3502;53;R112- -TRAS-CAJï¿½N- -Nï¿½53;2;533;110;12
3502;56;R112- -FONDO-CAJï¿½N- -Nï¿½56;2;557;407;3
3502;105;R112- -FONDO- -Nï¿½105;6;1740;299;3
3502;110;R112- -PUERTA-CHICA- -Nï¿½110;2;1361;296;15
3502;111;R112- -PUERTA-GRANDE- -Nï¿½111;4;1718;295;15
3503;1;R112- -BASE-GRANDE- -(1,20-1,50-1,80)Nï¿½1;2;583;443;15
3503;4;R112- -ESTANTE-GRANDE- -Nï¿½4;4;583;354;15
3503;7;R112- -TAPA-CAJONERA-GRANDE- -Nï¿½7;1;583;443;15
3503;8;R112- -DIVISORIO- -Nï¿½8;2;1715;443;15
3503;9;R112- -COSTADO-DER-(1.80-1.50)-IZQ-(1.20-0.90)- -Nï¿½9;2;1820;443;15
3503;25;R112- -ZOCALO-DELANTERO-(1.80)- -Nï¿½25;1;1779;105;15
3503;26;R112- -TECHO-(1.80)- -Nï¿½26;1;1809;443;15
3503;27;R112- -ZOCALO-TRASERO-(1.80)- -Nï¿½27;1;1779;105;15
3503;51;R112- -COSTADO-CAJï¿½N- -Nï¿½51;4;400;120;12
3503;52;R112- -FRENTE-CAJï¿½N- -Nï¿½52;2;593;173;15
3503;53;R112- -TRAS-CAJï¿½N- -Nï¿½53;2;533;110;12
3503;56;R112- -FONDO-CAJï¿½N- -Nï¿½56;2;557;407;3
3503;105;R112- -FONDO- -Nï¿½105;6;1740;299;3
3503;110;R112- -PUERTA-CHICA- -Nï¿½110;2;1361;296;15
3503;111;R112- -PUERTA-GRANDE- -Nï¿½111;4;1718;295;15
3504;1;R112- -BASE-GRANDE- -(1,20-1,50-1,80)Nï¿½1;2;583;443;15
3504;4;R112- -ESTANTE-GRANDE- -Nï¿½4;4;583;354;15
3504;7;R112- -TAPA-CAJONERA-GRANDE- -Nï¿½7;1;583;443;15
3504;8;R112- -DIVISORIO- -Nï¿½8;2;1715;443;15
3504;9;R112- -COSTADO-DER-(1.80-1.50)-IZQ-(1.20-0.90)- -Nï¿½9;2;1820;443;15
3504;25;R112- -ZOCALO-DELANTERO-(1.80)- -Nï¿½25;1;1779;105;15
3504;26;R112- -TECHO-(1.80)- -Nï¿½26;1;1809;443;15
3504;27;R112- -ZOCALO-TRASERO-(1.80)- -Nï¿½27;1;1779;105;15
3504;51;R112- -COSTADO-CAJï¿½N- -Nï¿½51;4;400;120;12
3504;52;R112- -FRENTE-CAJï¿½N- -Nï¿½52;2;593;173;15
3504;53;R112- -TRAS-CAJï¿½N- -Nï¿½53;2;533;110;12
3504;56;R112- -FONDO-CAJï¿½N- -Nï¿½56;2;557;407;3
3504;105;R112- -FONDO- -Nï¿½105;6;1740;299;3
3504;110;R112- -PUERTA-CHICA- -Nï¿½110;2;1361;296;15
3504;111;R112- -PUERTA-GRANDE- -Nï¿½111;4;1718;295;15
3505;1;R112- -BASE-GRANDE- -(1,20-1,50-1,80)Nï¿½1;2;583;443;15
3505;4;R112- -ESTANTE-GRANDE- -Nï¿½4;4;583;354;15
3505;7;R112- -TAPA-CAJONERA-GRANDE- -Nï¿½7;1;583;443;15
3505;8;R112- -DIVISORIO- -Nï¿½8;2;1715;443;15
3505;9;R112- -COSTADO-DER-(1.80-1.50)-IZQ-(1.20-0.90)- -Nï¿½9;2;1820;443;15
3505;25;R112- -ZOCALO-DELANTERO-(1.80)- -Nï¿½25;1;1779;105;15
3505;26;R112- -TECHO-(1.80)- -Nï¿½26;1;1809;443;15
3505;27;R112- -ZOCALO-TRASERO-(1.80)- -Nï¿½27;1;1779;105;15
3505;51;R112- -COSTADO-CAJï¿½N- -Nï¿½51;4;400;120;12
3505;52;R112- -FRENTE-CAJï¿½N- -Nï¿½52;2;593;173;15
3505;53;R112- -TRAS-CAJï¿½N- -Nï¿½53;2;533;110;12
3505;56;R112- -FONDO-CAJï¿½N- -Nï¿½56;2;557;407;3
3505;105;R112- -FONDO- -Nï¿½105;6;1740;299;3
3505;110;R112- -PUERTA-CHICA- -Nï¿½110;2;1361;296;15
3505;111;R112- -PUERTA-GRANDE- -Nï¿½111;4;1718;295;15
3512;1;R112- -BASE-GRANDE- -(1,20-1,50-1,80)Nï¿½1;1;583;443;15
3512;4;R112- -ESTANTE-GRANDE- -Nï¿½4;3;583;354;15
3512;7;R112- -TAPA-CAJONERA-GRANDE- -Nï¿½7;1;583;443;15
3512;8;R112- -DIVISORIO- -Nï¿½8;2;1715;443;15
3512;9;R112- -COSTADO-(1.80-1.50)-IZQ-(1.20-0.90)- -Nï¿½9;2;1820;443;15
3512;14;R112- -ESTANTE-CHICO- -(0,90-1,50)- -Nï¿½14;1;286;358;15
3512;15;R112- -BASE_CHICA- -(0,90-1,50)- -Nï¿½15;1;286;443;15
3512;22;R112- -ZOCALO_DELANTERO-(1.50)- -Nï¿½22;1;1482;105;15
3512;23;R112- -TECHO-(1.50)- -Nï¿½23;1;1512;443;15
3512;24;R112- -ZOCALO-TRASERO-(1.50)- -Nï¿½24;1;1482;105;15
3512;51;R112- -COSTADO-CAJï¿½N- -Nï¿½51;4;400;120;12
3512;52;R112- -FRENTE-CAJï¿½N- -Nï¿½52;2;593;173;15
3512;53;R112- -TRAS-CAJï¿½N- -Nï¿½53;2;533;110;12
3512;56;R112- -FONDO-CAJï¿½N- -Nï¿½56;2;557;407;3
3512;100;R112- -FONDO- -Nï¿½100;5;1740;299;3
3512;110;R112- -PUERTA-CHICA- -Nï¿½110;2;1361;296;15
3512;111;R112- -PUERTA-GRANDE- -Nï¿½111;3;1718;295;15
3513;1;R112- -BASE-GRANDE- -(1,20-1,50-1,80)Nï¿½1;1;583;443;15
3513;4;R112- -ESTANTE-GRANDE- -Nï¿½4;3;583;354;15
3513;7;R112- -TAPA-CAJONERA-GRANDE- -Nï¿½7;1;583;443;15
3513;8;R112- -DIVISORIO- -Nï¿½8;2;1715;443;15
3513;9;R112- -COSTADO-(1.80-1.50)-IZQ-(1.20-0.90)- -Nï¿½9;2;1820;443;15
3513;14;R112- -ESTANTE-CHICO- -(0,90-1,50)- -Nï¿½14;1;286;358;15
3513;15;R112- -BASE_CHICA- -(0,90-1,50)- -Nï¿½15;1;286;443;15
3513;22;R112- -ZOCALO_DELANTERO-(1.50)- -Nï¿½22;1;1482;105;15
3513;23;R112- -TECHO-(1.50)- -Nï¿½23;1;1512;443;15
3513;24;R112- -ZOCALO-TRASERO-(1.50)- -Nï¿½24;1;1482;105;15
3513;51;R112- -COSTADO-CAJï¿½N- -Nï¿½51;4;400;120;12
3513;52;R112- -FRENTE-CAJï¿½N- -Nï¿½52;2;593;173;15
3513;53;R112- -TRAS-CAJï¿½N- -Nï¿½53;2;533;110;12
3513;56;R112- -FONDO-CAJï¿½N- -Nï¿½56;2;557;407;3
3513;100;R112- -FONDO- -Nï¿½100;5;1740;299;3
3513;110;R112- -PUERTA-CHICA- -Nï¿½110;2;1361;296;15
3513;111;R112- -PUERTA-GRANDE- -Nï¿½111;3;1718;295;15
3514;1;R112- -BASE-GRANDE- -(1,20-1,50-1,80)Nï¿½1;1;583;443;15
3514;4;R112- -ESTANTE-GRANDE- -Nï¿½4;3;583;354;15
3514;7;R112- -TAPA-CAJONERA-GRANDE- -Nï¿½7;1;583;443;15
3514;8;R112- -DIVISORIO- -Nï¿½8;2;1715;443;15
3514;9;R112- -COSTADO-(1.80-1.50)-IZQ-(1.20-0.90)- -Nï¿½9;2;1820;443;15
3514;14;R112- -ESTANTE-CHICO- -(0,90-1,50)- -Nï¿½14;1;286;358;15
3514;15;R112- -BASE_CHICA- -(0,90-1,50)- -Nï¿½15;1;286;443;15
3514;22;R112- -ZOCALO_DELANTERO-(1.50)- -Nï¿½22;1;1482;105;15
3514;23;R112- -TECHO-(1.50)- -Nï¿½23;1;1512;443;15
3514;24;R112- -ZOCALO-TRASERO-(1.50)- -Nï¿½24;1;1482;105;15
3514;51;R112- -COSTADO-CAJï¿½N- -Nï¿½51;4;400;120;12
3514;52;R112- -FRENTE-CAJï¿½N- -Nï¿½52;2;593;173;15
3514;53;R112- -TRAS-CAJï¿½N- -Nï¿½53;2;533;110;12
3514;56;R112- -FONDO-CAJï¿½N- -Nï¿½56;2;557;407;3
3514;100;R112- -FONDO- -Nï¿½100;5;1740;299;3
3514;110;R112- -PUERTA-CHICA- -Nï¿½110;2;1361;296;15
3514;111;R112- -PUERTA-GRANDE- -Nï¿½111;3;1718;295;15
3515;1;R112- -BASE-GRANDE- -(1,20-1,50-1,80)Nï¿½1;1;583;443;15
3515;4;R112- -ESTANTE-GRANDE- -Nï¿½4;3;583;354;15
3515;7;R112- -TAPA-CAJONERA-GRANDE- -Nï¿½7;1;583;443;15
3515;8;R112- -DIVISORIO- -Nï¿½8;2;1715;443;15
3515;9;R112- -COSTADO-(1.80-1.50)-IZQ-(1.20-0.90)- -Nï¿½9;2;1820;443;15
3515;14;R112- -ESTANTE-CHICO- -(0,90-1,50)- -Nï¿½14;1;286;358;15
3515;15;R112- -BASE_CHICA- -(0,90-1,50)- -Nï¿½15;1;286;443;15
3515;22;R112- -ZOCALO_DELANTERO-(1.50)- -Nï¿½22;1;1482;105;15
3515;23;R112- -TECHO-(1.50)- -Nï¿½23;1;1512;443;15
3515;24;R112- -ZOCALO-TRASERO-(1.50)- -Nï¿½24;1;1482;105;15
3515;51;R112- -COSTADO-CAJï¿½N- -Nï¿½51;4;400;120;12
3515;52;R112- -FRENTE-CAJï¿½N- -Nï¿½52;2;593;173;15
3515;53;R112- -TRAS-CAJï¿½N- -Nï¿½53;2;533;110;12
3515;56;R112- -FONDO-CAJï¿½N- -Nï¿½56;2;557;407;3
3515;100;R112- -FONDO- -Nï¿½100;5;1740;299;3
3515;110;R112- -PUERTA-CHICA- -Nï¿½110;2;1361;296;15
3515;111;R112- -PUERTA-GRANDE- -Nï¿½111;3;1718;295;15
3532;3;R112- -COSTADO-DER-(1.20-0.90)-Nï¿½3;1;1820;443;15
3532;4;R112- -ESTANTE-GRANDE- -Nï¿½4;2;583;354;15
3532;7;R112- -TAPA-CAJONERA-GRANDE- -Nï¿½7;1;583;443;15
3532;8;R112- -DIVISORIO- -Nï¿½8;1;1715;443;15
3532;9;R112- -COSTADO-(1.80-1.50)-IZQ-(1.20-0.90)- -Nï¿½9;1;1820;443;15
3532;14;R112- -ESTANTE-CHICO- -(0,90-1,50)- -Nï¿½14;1;286;358;15
3532;15;R112- -BASE_CHICA- -(0,90-1,50)- -Nï¿½15;1;286;443;15
3532;16;R112- -ZOCALO-DELANTERO-(0.90)- -Nï¿½16;1;884;105;15
3532;17;R112- -TECHO-(0.90)- -Nï¿½17;1;914;443;15
3532;18;R112- -ZOCALO-TRASERO-(0.90)- -Nï¿½18;1;884;105;15
3532;51;R112- -COSTADO-CAJï¿½N- -Nï¿½51;4;400;120;12
3532;52;R112- -FRENTE-CAJï¿½N- -Nï¿½52;2;593;173;15
3532;53;R112- -TRAS-CAJï¿½N- -Nï¿½53;2;533;110;12
3532;56;R112- -FONDO-CAJï¿½N- -Nï¿½56;2;557;407;3
3532;101;R112- -FONDO-(0.90)- -Nï¿½101;2;1740;449;3
3532;110;R112- -PUERTA-CHICA- -Nï¿½110;2;1361;295;15
3532;111;R112- -PUERTA-GRANDE- -Nï¿½111;1;1718;295;15
3533;3;R112- -COSTADO-DER-(1.20-0.90)-Nï¿½3;1;1820;443;15
3533;4;R112- -ESTANTE-GRANDE- -Nï¿½4;2;583;354;15
3533;7;R112- -TAPA-CAJONERA-GRANDE- -Nï¿½7;1;583;443;15
3533;8;R112- -DIVISORIO- -Nï¿½8;1;1715;443;15
3533;9;R112- -COSTADO-(1.80-1.50)-IZQ-(1.20-0.90)- -Nï¿½9;1;1820;443;15
3533;14;R112- -ESTANTE-CHICO- -(0,90-1,50)- -Nï¿½14;1;286;358;15
3533;15;R112- -BASE_CHICA- -(0,90-1,50)- -Nï¿½15;1;286;443;15
3533;16;R112- -ZOCALO-DELANTERO-(0.90)- -Nï¿½16;1;884;105;15
3533;17;R112- -TECHO-(0.90)- -Nï¿½17;1;914;443;15
3533;18;R112- -ZOCALO-TRASERO-(0.90)- -Nï¿½18;1;884;105;15
3533;51;R112- -COSTADO-CAJï¿½N- -Nï¿½51;4;400;120;12
3533;52;R112- -FRENTE-CAJï¿½N- -Nï¿½52;2;593;173;15
3533;53;R112- -TRAS-CAJï¿½N- -Nï¿½53;2;533;110;12
3533;56;R112- -FONDO-CAJï¿½N- -Nï¿½56;2;557;407;3
3533;101;R112- -FONDO-(0.90)- -Nï¿½101;2;1740;449;3
3533;110;R112- -PUERTA-CHICA- -Nï¿½110;2;1361;295;15
3533;111;R112- -PUERTA-GRANDE- -Nï¿½111;1;1718;295;15
3534;3;R112- -COSTADO-DER-(1.20-0.90)-Nï¿½3;1;1820;443;15
3534;4;R112- -ESTANTE-GRANDE- -Nï¿½4;2;583;354;15
3534;7;R112- -TAPA-CAJONERA-GRANDE- -Nï¿½7;1;583;443;15
3534;8;R112- -DIVISORIO- -Nï¿½8;1;1715;443;15
3534;9;R112- -COSTADO-(1.80-1.50)-IZQ-(1.20-0.90)- -Nï¿½9;1;1820;443;15
3534;14;R112- -ESTANTE-CHICO- -(0,90-1,50)- -Nï¿½14;1;286;358;15
3534;15;R112- -BASE_CHICA- -(0,90-1,50)- -Nï¿½15;1;286;443;15
3534;16;R112- -ZOCALO-DELANTERO-(0.90)- -Nï¿½16;1;884;105;15
3534;17;R112- -TECHO-(0.90)- -Nï¿½17;1;914;443;15
3534;18;R112- -ZOCALO-TRASERO-(0.90)- -Nï¿½18;1;884;105;15
3534;51;R112- -COSTADO-CAJï¿½N- -Nï¿½51;4;400;120;12
3534;52;R112- -FRENTE-CAJï¿½N- -Nï¿½52;2;593;173;15
3534;53;R112- -TRAS-CAJï¿½N- -Nï¿½53;2;533;110;12
3534;56;R112- -FONDO-CAJï¿½N- -Nï¿½56;2;557;407;3
3534;101;R112- -FONDO-(0.90)- -Nï¿½101;2;1740;449;3
3534;110;R112- -PUERTA-CHICA- -Nï¿½110;2;1361;295;15
3534;111;R112- -PUERTA-GRANDE- -Nï¿½111;1;1718;295;15
3535;3;R112- -COSTADO-DER-(1.20-0.90)-Nï¿½3;1;1820;443;15
3535;4;R112- -ESTANTE-GRANDE- -Nï¿½4;2;583;354;15
3535;7;R112- -TAPA-CAJONERA-GRANDE- -Nï¿½7;1;583;443;15
3535;8;R112- -DIVISORIO- -Nï¿½8;1;1715;443;15
3535;9;R112- -COSTADO-(1.80-1.50)-IZQ-(1.20-0.90)- -Nï¿½9;1;1820;443;15
3535;14;R112- -ESTANTE-CHICO- -(0,90-1,50)- -Nï¿½14;1;286;358;15
3535;15;R112- -BASE_CHICA- -(0,90-1,50)- -Nï¿½15;1;286;443;15
3535;16;R112- -ZOCALO-DELANTERO-(0.90)- -Nï¿½16;1;884;105;15
3535;17;R112- -TECHO-(0.90)- -Nï¿½17;1;914;443;15
3535;18;R112- -ZOCALO-TRASERO-(0.90)- -Nï¿½18;1;884;105;15
3535;51;R112- -COSTADO-CAJï¿½N- -Nï¿½51;4;400;120;12
3535;52;R112- -FRENTE-CAJï¿½N- -Nï¿½52;2;593;173;15
3535;53;R112- -TRAS-CAJï¿½N- -Nï¿½53;2;533;110;12
3535;56;R112- -FONDO-CAJï¿½N- -Nï¿½56;2;557;407;3
3535;101;R112- -FONDO-(0.90)- -Nï¿½101;2;1740;449;3
3535;110;R112- -PUERTA-CHICA- -Nï¿½110;2;1361;295;15
3535;111;R112- -PUERTA-GRANDE- -Nï¿½111;1;1718;295;15
3542;2;R112- -ZOCALO-DELANTERO-(0.60)- -Nï¿½2;1;583;105;15
3542;4;R112- -ESTANTE-GRANDE- -Nï¿½4;1;583;354;15
3542;7;R112- -TAPA-CAJONERA-GRANDE- -Nï¿½7;1;583;443;15
3542;10;R112- -TECHO-(0.60)- -Nï¿½10;1;613;443;15
3542;11;R112- -ZOCALO-TRASERO-(0.60)- -Nï¿½11;1;583;105;15
3542;12;R112- -COSTADO DER- -IZQ- -(0.60)- -Nï¿½12;2;1820;443;15
3542;51;R112- -COSTADO-CAJï¿½N- -Nï¿½51;4;400;120;12
3542;52;R112- -FRENTE-CAJï¿½N- -Nï¿½52;2;593;173;15
3542;53;R112- -TRAS-CAJï¿½N- -Nï¿½53;2;533;110;12
3542;56;R112- -FONDO-CAJï¿½N- -Nï¿½56;2;557;407;3
3542;100;R112- -FONDO- -Nï¿½100;2;1740;299;3
3542;110;R112- -PUERTA-CHICA- -Nï¿½110;2;1361;295;15
3543;2;R112- -ZOCALO-DELANTERO-(0.60)- -Nï¿½2;1;583;105;15
3543;4;R112- -ESTANTE-GRANDE- -Nï¿½4;1;583;354;15
3543;7;R112- -TAPA-CAJONERA-GRANDE- -Nï¿½7;1;583;443;15
3543;10;R112- -TECHO-(0.60)- -Nï¿½10;1;613;443;15
3543;11;R112- -ZOCALO-TRASERO-(0.60)- -Nï¿½11;1;583;105;15
3543;12;R112- -COSTADO DER- -IZQ- -(0.60)- -Nï¿½12;2;1820;443;15
3543;51;R112- -COSTADO-CAJï¿½N- -Nï¿½51;4;400;120;12
3543;52;R112- -FRENTE-CAJï¿½N- -Nï¿½52;2;593;173;15
3543;53;R112- -TRAS-CAJï¿½N- -Nï¿½53;2;533;110;12
3543;56;R112- -FONDO-CAJï¿½N- -Nï¿½56;2;557;407;3
3543;100;R112- -FONDO- -Nï¿½100;2;1740;299;3
3543;110;R112- -PUERTA-CHICA- -Nï¿½110;2;1361;295;15
3544;2;R112- -ZOCALO-DELANTERO-(0.60)- -Nï¿½2;1;583;105;15
3544;4;R112- -ESTANTE-GRANDE- -Nï¿½4;1;583;354;15
3544;7;R112- -TAPA-CAJONERA-GRANDE- -Nï¿½7;1;583;443;15
3544;10;R112- -TECHO-(0.60)- -Nï¿½10;1;613;443;15
3544;11;R112- -ZOCALO-TRASERO-(0.60)- -Nï¿½11;1;583;105;15
3544;12;R112- -COSTADO DER- -IZQ- -(0.60)- -Nï¿½12;2;1820;443;15
3544;51;R112- -COSTADO-CAJï¿½N- -Nï¿½51;4;400;120;12
3544;52;R112- -FRENTE-CAJï¿½N- -Nï¿½52;2;593;173;15
3544;53;R112- -TRAS-CAJï¿½N- -Nï¿½53;2;533;110;12
3544;56;R112- -FONDO-CAJï¿½N- -Nï¿½56;2;557;407;3
3544;100;R112- -FONDO- -Nï¿½100;2;1740;299;3
3544;110;R112- -PUERTA-CHICA- -Nï¿½110;2;1361;295;15
3545;2;R112- -ZOCALO-DELANTERO-(0.60)- -Nï¿½2;1;583;105;15
3545;4;R112- -ESTANTE-GRANDE- -Nï¿½4;1;583;354;15
3545;7;R112- -TAPA-CAJONERA-GRANDE- -Nï¿½7;1;583;443;15
3545;10;R112- -TECHO-(0.60)- -Nï¿½10;1;613;443;15
3545;11;R112- -ZOCALO-TRASERO-(0.60)- -Nï¿½11;1;583;105;15
3545;12;R112- -COSTADO DER- -IZQ- -(0.60)- -Nï¿½12;2;1820;443;15
3545;51;R112- -COSTADO-CAJï¿½N- -Nï¿½51;4;400;120;12
3545;52;R112- -FRENTE-CAJï¿½N- -Nï¿½52;2;593;173;15
3545;53;R112- -TRAS-CAJï¿½N- -Nï¿½53;2;533;110;12
3545;56;R112- -FONDO-CAJï¿½N- -Nï¿½56;2;557;407;3
3545;100;R112- -FONDO- -Nï¿½100;2;1740;299;3
3545;110;R112- -PUERTA-CHICA- -Nï¿½110;2;1361;295;15
4000;1;R012- -BASE-BAJOMESADA-(1.60)- -Nï¿½1;1;1597;448;15
4000;2;R012- -COSTADO DER-(1.60)- -Nï¿½2;1;675;448;15
4000;3;R012- -DIVISORIO-(1,20-1,40-1,60)- -Nï¿½3;1;570;448;15
4000;4;R012- -COSTADO IZQ-(1.60)- -Nï¿½4;1;675;448;15
4000;5;R012- -SENEFA-BAJOMESADA-(1.60)- -Nï¿½5;2;1567;105;15
4000;7;R012- -PUERTA-(1,20-1,60)- -Nï¿½7;3;595;390;15
4000;8;R012- -ESTANTE-BAJOMESADA-GRANDE-(1.60)- -Nï¿½8;1;775;240;15
4000;11;R012- -DIVISORIO-(1.60)- -Nï¿½11;1;570;448;15
4000;12;R012- -ESTANTE-BAJOMESADA-CHICO-(1.60)- -Nï¿½12;1;380;240;15
4000;51;R012- -COSTADO CAJON- -Nï¿½51;6;420;120;12
4000;52;R012- -FRENTE CAJON- -Nï¿½52;3;391;196;15
4000;53;R012- -TRASCAJON- -Nï¿½53;3;348;110;12
4000;104;R012- -FONDO-(1.60)- -Nï¿½104;4;605;395;3
4000;105;R012- -FONDO CAJON- -Nï¿½105;3;418;373;3
4001;1;R012- -BASE-BAJOMESADA-(1.60)- -Nï¿½1;1;1597;448;15
4001;2;R012- -COSTADO DER-(1.60)- -Nï¿½2;1;675;448;15
4001;3;R012- -DIVISORIO-(1,20-1,40-1,60)- -Nï¿½3;1;570;448;15
4001;4;R012- -COSTADO IZQ-(1.60)- -Nï¿½4;1;675;448;15
4001;5;R012- -SENEFA-BAJOMESADA-(1.60)- -Nï¿½5;2;1567;105;15
4001;7;R012- -PUERTA-(1,20-1,60)- -Nï¿½7;3;595;390;15
4001;8;R012- -ESTANTE-BAJOMESADA-GRANDE-(1.60)- -Nï¿½8;1;775;240;15
4001;11;R012- -DIVISORIO-(1.60)- -Nï¿½11;1;570;448;15
4001;12;R012- -ESTANTE-BAJOMESADA-CHICO-(1.60)- -Nï¿½12;1;380;240;15
4001;51;R012- -COSTADO CAJON- -Nï¿½51;6;420;120;12
4001;52;R012- -FRENTE CAJON- -Nï¿½52;3;391;196;15
4001;53;R012- -TRASCAJON- -Nï¿½53;3;348;110;12
4001;104;R012- -FONDO-(1.60)- -Nï¿½104;4;605;395;3
4001;105;R012- -FONDO CAJON- -Nï¿½105;3;418;373;3
4002;1;R012- -BASE-BAJOMESADA-(1.60)- -Nï¿½1;1;1597;448;15
4002;2;R012- -COSTADO DER-(1.60)- -Nï¿½2;1;675;448;15
4002;3;R012- -DIVISORIO-(1,20-1,40-1,60)- -Nï¿½3;1;570;448;15
4002;4;R012- -COSTADO IZQ-(1.60)- -Nï¿½4;1;675;448;15
4002;5;R012- -SENEFA-BAJOMESADA-(1.60)- -Nï¿½5;2;1567;105;15
4002;7;R012- -PUERTA-(1,20-1,60)- -Nï¿½7;3;595;390;15
4002;8;R012- -ESTANTE-BAJOMESADA-GRANDE-(1.60)- -Nï¿½8;1;775;240;15
4002;11;R012- -DIVISORIO-(1.60)- -Nï¿½11;1;570;448;15
4002;12;R012- -ESTANTE-BAJOMESADA-CHICO-(1.60)- -Nï¿½12;1;380;240;15
4002;51;R012- -COSTADO CAJON- -Nï¿½51;6;420;120;12
4002;52;R012- -FRENTE CAJON- -Nï¿½52;3;391;196;15
4002;53;R012- -TRASCAJON- -Nï¿½53;3;348;110;12
4002;104;R012- -FONDO-(1.60)- -Nï¿½104;4;605;395;3
4002;105;R012- -FONDO CAJON- -Nï¿½105;3;418;373;3
4003;1;R012- -BASE-BAJOMESADA-(1.60)- -Nï¿½1;1;1597;448;15
4003;2;R012- -COSTADO DER-(1.60)- -Nï¿½2;1;675;448;15
4003;3;R012- -DIVISORIO-(1,20-1,40-1,60)- -Nï¿½3;1;570;448;15
4003;4;R012- -COSTADO IZQ-(1.60)- -Nï¿½4;1;675;448;15
4003;5;R012- -SENEFA-BAJOMESADA-(1.60)- -Nï¿½5;2;1567;105;15
4003;7;R012- -PUERTA-(1,20-1,60)- -Nï¿½7;3;595;390;15
4003;8;R012- -ESTANTE-BAJOMESADA-GRANDE-(1.60)- -Nï¿½8;1;775;240;15
4003;11;R012- -DIVISORIO-(1.60)- -Nï¿½11;1;570;448;15
4003;12;R012- -ESTANTE-BAJOMESADA-CHICO-(1.60)- -Nï¿½12;1;380;240;15
4003;51;R012- -COSTADO CAJON- -Nï¿½51;6;420;120;12
4003;52;R012- -FRENTE CAJON- -Nï¿½52;3;391;196;15
4003;53;R012- -TRASCAJON- -Nï¿½53;3;348;110;12
4003;104;R012- -FONDO-(1.60)- -Nï¿½104;4;605;395;3
4003;105;R012- -FONDO CAJON- -Nï¿½105;3;418;373;3
4004;1;R012- -BASE-BAJOMESADA-(1.60)- -Nï¿½1;1;1597;448;15
4004;2;R012- -COSTADO DER-(1.60)- -Nï¿½2;1;675;448;15
4004;3;R012- -DIVISORIO-(1,20-1,40-1,60)- -Nï¿½3;1;570;448;15
4004;4;R012- -COSTADO IZQ-(1.60)- -Nï¿½4;1;675;448;15
4004;5;R012- -SENEFA-BAJOMESADA-(1.60)- -Nï¿½5;2;1567;105;15
4004;7;R012- -PUERTA-(1,20-1,60)- -Nï¿½7;3;595;390;15
4004;8;R012- -ESTANTE-BAJOMESADA-GRANDE-(1.60)- -Nï¿½8;1;775;240;15
4004;11;R012- -DIVISORIO-(1.60)- -Nï¿½11;1;570;448;15
4004;12;R012- -ESTANTE-BAJOMESADA-CHICO-(1.60)- -Nï¿½12;1;380;240;15
4004;51;R012- -COSTADO CAJON- -Nï¿½51;6;420;120;12
4004;52;R012- -FRENTE CAJON- -Nï¿½52;3;391;196;15
4004;53;R012- -TRASCAJON- -Nï¿½53;3;348;110;12
4004;104;R012- -FONDO-(1.60)- -Nï¿½104;4;605;395;3
4004;105;R012- -FONDO CAJON- -Nï¿½105;3;418;373;3
4014;10;Nï¿½1---00207 BASE BAJOMES. (1,20);1;1197;448;15
4014;90;Nï¿½5---00212 SENEFA BAJOMES 1,20;2;1167;105;15
4014;270;00264 TRASCAJON BAJOM.;2;348;110;12
4014;42;COSTADO IZQ.-BAJOM.;1;675;448;15
4014;41;COSTADO DER. BAJOM.;1;675;448;15
4014;120;00254 ESTANTE BAJO MESADA 1,20 ;1;770;240;15
4014;261;COSTADO CAJON -BAJOM.;3;420;120;12
4014;262;COSTADO CAJON BAJOM.;3;420;120;12
4014;280;FONDO CAJON-BAJOMES.;1;418;373;3
4014;80;00211 FRENTE CAJON;3;391;196;15
4014;270;00264 TRASCAJON BAJOM.;1;348;110;12
4014;51;Nï¿½3---DIVISORIO-BAJOM. 1,20-1,40-1,60;1;570;448;15
4014;310;FONDO BAJOMES. COMUN;3;605;395;3
4014;280;FONDO CAJON-BAJOMES.;2;418;373;3
4014;60;00210 PUERTA-BAJOM. 1,20-160;2;595;390;15
4015;10;Nï¿½1---00207 BASE BAJOMES. (1,20);1;1197;448;15
4015;90;Nï¿½5---00212 SENEFA BAJOMES 1,20;2;1167;105;15
4015;270;00264 TRASCAJON BAJOM.;2;348;110;12
4015;42;COSTADO IZQ.-BAJOM.;1;675;448;15
4015;41;COSTADO DER. BAJOM.;1;675;448;15
4015;120;00254 ESTANTE BAJO MESADA 1,20 ;1;770;240;15
4015;261;COSTADO CAJON -BAJOM.;3;420;120;12
4015;262;COSTADO CAJON BAJOM.;3;420;120;12
4015;280;FONDO CAJON-BAJOMES.;1;418;373;3
4015;80;00211 FRENTE CAJON;3;391;196;15
4015;270;00264 TRASCAJON BAJOM.;1;348;110;12
4015;51;Nï¿½3---DIVISORIO-BAJOM. 1,20-1,40-1,60;1;570;448;15
4015;310;FONDO BAJOMES. COMUN;3;605;395;3
4015;280;FONDO CAJON-BAJOMES.;2;418;373;3
4015;60;00210 PUERTA-BAJOM. 1,20-160;2;595;390;15
4016;10;Nï¿½1---00207 BASE BAJOMES. (1,20);1;1197;448;15
4016;90;Nï¿½5---00212 SENEFA BAJOMES 1,20;2;1167;105;15
4016;270;00264 TRASCAJON BAJOM.;2;348;110;12
4016;42;COSTADO IZQ.-BAJOM.;1;675;448;15
4016;41;COSTADO DER. BAJOM.;1;675;448;15
4016;120;00254 ESTANTE BAJO MESADA 1,20 ;1;770;240;15
4016;261;COSTADO CAJON -BAJOM.;3;420;120;12
4016;262;COSTADO CAJON BAJOM.;3;420;120;12
4016;280;FONDO CAJON-BAJOMES.;1;418;373;3
4016;80;00211 FRENTE CAJON;3;391;196;15
4016;270;00264 TRASCAJON BAJOM.;1;348;110;12
4016;51;Nï¿½3---DIVISORIO-BAJOM. 1,20-1,40-1,60;1;570;448;15
4016;310;FONDO BAJOMES. COMUN;3;605;395;3
4016;280;FONDO CAJON-BAJOMES.;2;418;373;3
4016;60;00210 PUERTA-BAJOM. 1,20-160;2;595;390;15
4018;10;Nï¿½1---00207 BASE BAJOMES. (1,20);1;1197;448;15
4018;90;Nï¿½5---00212 SENEFA BAJOMES 1,20;2;1167;105;15
4018;270;00264 TRASCAJON BAJOM.;2;348;110;12
4018;42;COSTADO IZQ.-BAJOM.;1;675;448;15
4018;41;COSTADO DER. BAJOM.;1;675;448;15
4018;120;00254 ESTANTE BAJO MESADA 1,20 ;1;770;240;15
4018;261;COSTADO CAJON -BAJOM.;3;420;120;12
4018;262;COSTADO CAJON BAJOM.;3;420;120;12
4018;280;FONDO CAJON-BAJOMES.;1;418;373;3
4018;80;00211 FRENTE CAJON;3;391;196;15
4018;270;00264 TRASCAJON BAJOM.;1;348;110;12
4018;51;Nï¿½3---DIVISORIO-BAJOM. 1,20-1,40-1,60;1;570;448;15
4018;310;FONDO BAJOMES. COMUN;3;605;395;3
4018;280;FONDO CAJON-BAJOMES.;2;418;373;3
4018;60;00210 PUERTA-BAJOM. 1,20-160;2;595;390;15
4028;1;Nï¿½1---00207 BASE BAJOMES. (1,2);1;1197;448;15
4028;1;Nï¿½5---00212 SENEFA;2;1167;105;15
4028;1;00218 TRASCAJON P/12 MM-BAJOM.;2;348;110;12
4028;1;COSTADO IZQ. BAJOM.;1;675;448;15
4028;1;COSTADO DER. BAJOM.;1;675;448;15
4028;1;COSTADO CAJON  BAJOM.;6;420;120;12
4028;1;FONDO CAJON-BAJOMES.;1;418;373;3
4028;1;Nï¿½8---ESTANTE MOVIL BAJOMESADA;1;770;240;15
4028;1;00211 FRENTE CAJON;3;391;196;15
4028;1;00218 TRASCAJON P/12 MM-BAJOM.;1;348;110;15
4028;1;Nï¿½3---00209 DIVISORIO-BAJOM.;1;570;448;15
4028;1;FONDO BAJOMES. (1,2);3;605;395;3
4028;1;FONDO CAJON-BAJOMES.;2;418;373;3
4028;1;00210 PUERTA-BAJOM.;2;390;595;15
4029;1;Nï¿½1---00207 BASE BAJOMES. (1,2);1;1197;448;15
4029;1;Nï¿½5---00212 SENEFA;2;1167;105;15
4029;1;00218 TRASCAJON P/12 MM-BAJOM.;2;348;110;12
4029;1;COSTADO IZQ. BAJOM.;1;675;448;15
4029;1;COSTADO DER. BAJOM.;1;675;448;15
4029;1;COSTADO CAJON  BAJOM.;6;420;120;12
4029;1;FONDO CAJON-BAJOMES.;1;418;373;3
4029;1;Nï¿½8---ESTANTE MOVIL BAJOMESADA;1;770;240;15
4029;1;00211 FRENTE CAJON;3;391;196;15
4029;1;00218 TRASCAJON P/12 MM-BAJOM.;1;348;110;15
4029;1;Nï¿½3---00209 DIVISORIO-BAJOM.;1;570;448;15
4029;1;FONDO BAJOMES. (1,2);3;605;395;3
4029;1;FONDO CAJON-BAJOMES.;2;418;373;3
4029;1;00210 PUERTA-BAJOM.;2;390;595;15
4030;1;Nï¿½1---00207 BASE BAJOMES. (1,2);1;1197;448;15
4030;1;Nï¿½5---00212 SENEFA;2;1167;105;15
4030;1;00218 TRASCAJON P/12 MM-BAJOM.;2;348;110;12
4030;1;COSTADO IZQ. BAJOM.;1;675;448;15
4030;1;COSTADO DER. BAJOM.;1;675;448;15
4030;1;COSTADO CAJON  BAJOM.;6;420;120;12
4030;1;FONDO CAJON-BAJOMES.;1;418;373;3
4030;1;Nï¿½8---ESTANTE MOVIL BAJOMESADA;1;770;240;15
4030;1;00211 FRENTE CAJON;3;391;196;15
4030;1;00218 TRASCAJON P/12 MM-BAJOM.;1;348;110;15
4030;1;Nï¿½3---00209 DIVISORIO-BAJOM.;1;570;448;15
4030;1;FONDO BAJOMES. (1,2);3;605;395;3
4030;1;FONDO CAJON-BAJOMES.;2;418;373;3
4030;1;00210 PUERTA-BAJOM.;2;390;595;15
4031;1;Nï¿½1---00207 BASE BAJOMES. (1,2);1;1197;448;15
4031;1;Nï¿½5---00212 SENEFA;2;1167;105;15
4031;1;00218 TRASCAJON P/12 MM-BAJOM.;2;348;110;12
4031;1;COSTADO IZQ. BAJOM.;1;675;448;15
4031;1;COSTADO DER. BAJOM.;1;675;448;15
4031;1;COSTADO CAJON  BAJOM.;6;420;120;12
4031;1;FONDO CAJON-BAJOMES.;1;418;373;3
4031;1;Nï¿½8---ESTANTE MOVIL BAJOMESADA;1;770;240;15
4031;1;00211 FRENTE CAJON;3;391;196;15
4031;1;00218 TRASCAJON P/12 MM-BAJOM.;1;348;110;15
4031;1;Nï¿½3---00209 DIVISORIO-BAJOM.;1;570;448;15
4031;1;FONDO BAJOMES. (1,2);3;605;395;3
4031;1;FONDO CAJON-BAJOMES.;2;418;373;3
4031;1;00210 PUERTA-BAJOM.;2;390;595;15
4032;1;Nï¿½1---00207 BASE BAJOMES. (1,2);1;1197;448;15
4032;1;Nï¿½5---00212 SENEFA;2;1167;105;15
4032;1;00218 TRASCAJON P/12 MM-BAJOM.;2;348;110;12
4032;1;COSTADO IZQ. BAJOM.;1;675;448;15
4032;1;COSTADO DER. BAJOM.;1;675;448;15
4032;1;COSTADO CAJON  BAJOM.;6;420;120;12
4032;1;FONDO CAJON-BAJOMES.;1;418;373;3
4032;1;Nï¿½8---ESTANTE MOVIL BAJOMESADA;1;770;240;15
4032;1;00211 FRENTE CAJON;3;391;196;15
4032;1;00218 TRASCAJON P/12 MM-BAJOM.;1;348;110;15
4032;1;Nï¿½3---00209 DIVISORIO-BAJOM.;1;570;448;15
4032;1;FONDO BAJOMES. (1,2);3;605;395;3
4032;1;FONDO CAJON-BAJOMES.;2;418;373;3
4032;1;00210 PUERTA-BAJOM.;2;390;595;15
4054;1;COSTADOS DER (BM);1;675;448;15
4054;1;COSTADOS IZQ (BM);1;675;448;15
4054;1;BASE  (BM);1;410;448;15
4054;1;PUERTA  (BM);1;595;390;15
4054;1;SENEFA  (BM);2;380;105;15
4054;1;ESTANTE MOVIL  (BM);1;378;240;15
4054;1;FONDO BAJOMESADA;1;605;395;3
4055;1;COSTADOS DER (BM);1;675;448;15
4055;1;COSTADOS IZQ (BM);1;675;448;15
4055;1;BASE  (BM);1;410;448;15
4055;1;PUERTA  (BM);1;595;390;15
4055;1;SENEFA  (BM);2;380;105;15
4055;1;ESTANTE MOVIL  (BM);1;378;240;15
4055;1;FONDO BAJOMESADA;1;605;395;3
4057;1;COSTADOS DER (BM);1;675;448;15
4057;1;COSTADOS IZQ (BM);1;675;448;15
4057;1;BASE  (BM);1;410;448;15
4057;1;PUERTA  (BM);1;595;390;15
4057;1;SENEFA  (BM);2;380;105;15
4057;1;ESTANTE MOVIL  (BM);1;378;240;15
4056;1;FONDO BAJOMESADA;1;605;395;3
4056;1;COSTADOS DER (BM);1;675;448;15
4056;1;COSTADOS IZQ (BM);1;675;448;15
4056;1;BASE  (BM);1;410;448;15
4056;1;PUERTA  (BM);1;595;390;15
4056;1;SENEFA  (BM);2;380;105;15
4056;1;ESTANTE MOVIL  (BM);1;378;240;15
4056;1;FONDO BAJOMESADA;1;605;395;3
4007;210;Nï¿½1---00262 BASE Y TECHO-ALC. 1,60;2;1600;296;15
4007;240;00216 PUERTA-ALAC. 1,20-160;2;440;391;15
4007;222;COSTADO IZQ.-ALAC.;1;420;296;15
4007;290;FONDO ALACENA 1,20-160;4;397;440;3
4007;180;00260 ESTANTE ALACENA 1,60;2;775;140;15
4007;223;Nï¿½3---DIVISORIO.-ALAC.;1;420;296;15
4007;240;00216 PUERTA-ALAC. 1,20-160;2;440;391;15
4007;221;Nï¿½2---COSTADO DER. ALAC.;1;420;296;15
4008;210;Nï¿½1---00262 BASE Y TECHO-ALC. 1,60;2;1600;296;15
4008;240;00216 PUERTA-ALAC. 1,20-160;2;440;391;15
4008;222;COSTADO IZQ.-ALAC.;1;420;296;15
4008;290;FONDO ALACENA 1,20-160;4;397;440;3
4008;180;00260 ESTANTE ALACENA 1,60;2;775;140;15
4008;223;Nï¿½3---DIVISORIO.-ALAC.;1;420;296;15
4008;240;00216 PUERTA-ALAC. 1,20-160;2;440;391;15
4008;221;Nï¿½2---COSTADO DER. ALAC.;1;420;296;15
4009;210;Nï¿½1---00262 BASE Y TECHO-ALC. 1,60;2;1600;296;15
4009;240;00216 PUERTA-ALAC. 1,20-160;2;440;391;15
4009;222;COSTADO IZQ.-ALAC.;1;420;296;15
4009;290;FONDO ALACENA 1,20-160;4;397;440;3
4009;180;00260 ESTANTE ALACENA 1,60;2;775;140;15
4009;223;Nï¿½3---DIVISORIO.-ALAC.;1;420;296;15
4009;240;00216 PUERTA-ALAC. 1,20-160;2;440;391;15
4009;221;Nï¿½2---COSTADO DER. ALAC.;1;420;296;15
4010;210;Nï¿½1---00262 BASE Y TECHO-ALC. 1,60;2;1600;296;15
4010;240;00216 PUERTA-ALAC. 1,20-160;2;440;391;15
4010;222;COSTADO IZQ.-ALAC.;1;420;296;15
4010;290;FONDO ALACENA 1,20-160;4;397;440;3
4010;180;00260 ESTANTE ALACENA 1,60;2;775;140;15
4010;223;Nï¿½3---DIVISORIO.-ALAC.;1;420;296;15
4010;240;00216 PUERTA-ALAC. 1,20-160;2;440;391;15
4010;221;Nï¿½2---COSTADO DER. ALAC.;1;420;296;15
4011;210;Nï¿½1---00262 BASE Y TECHO-ALC. 1,60;2;1600;296;15
4011;240;00216 PUERTA-ALAC. 1,20-160;2;440;391;15
4011;222;COSTADO IZQ.-ALAC.;1;420;296;15
4011;290;FONDO ALACENA 1,20-160;4;397;440;3
4011;180;00260 ESTANTE ALACENA 1,60;2;775;140;15
4011;223;Nï¿½3---DIVISORIO.-ALAC.;1;420;296;15
4011;240;00216 PUERTA-ALAC. 1,20-160;2;440;391;15
4011;221;Nï¿½2---COSTADO DER. ALAC.;1;420;296;15
4021;200;Nï¿½1---00261 BASE Y TECHO-ALC. 1,40;1;1400;296;15
4021;250;00263 PUERTA-ALAC. 1,40;2;440;457;15
4021;250;00263 PUERTA-ALAC. 1,40;1;440;457;15
4021;223;Nï¿½3---DIVISORIO.-ALAC.;1;420;296;15
4021;221;Nï¿½2---COSTADO DER. ALAC.;1;420;296;15
4021;222;COSTADO IZQ.-ALAC.;1;420;296;15
4021;170;00259 ESTANTE ALACENA 1,40;1;906;140;15
4021;200;Nï¿½1---00261 BASE Y TECHO-ALC. 1,40;1;1400;296;15
4021;300;FONDO ALACENA 1,40;3;461;440;3
4022;200;Nï¿½1---00261 BASE Y TECHO-ALC. 1,40;1;1400;296;15
4022;250;00263 PUERTA-ALAC. 1,40;2;440;457;15
4022;250;00263 PUERTA-ALAC. 1,40;1;440;457;15
4022;223;Nï¿½3---DIVISORIO.-ALAC.;1;420;296;15
4022;221;Nï¿½2---COSTADO DER. ALAC.;1;420;296;15
4022;222;COSTADO IZQ.-ALAC.;1;420;296;15
4022;170;00259 ESTANTE ALACENA 1,40;1;906;140;15
4022;200;Nï¿½1---00261 BASE Y TECHO-ALC. 1,40;1;1400;296;15
4022;300;FONDO ALACENA 1,40;3;461;440;3
4023;200;Nï¿½1---00261 BASE Y TECHO-ALC. 1,40;1;1400;296;15
4023;250;00263 PUERTA-ALAC. 1,40;2;440;457;15
4023;250;00263 PUERTA-ALAC. 1,40;1;440;457;15
4023;223;Nï¿½3---DIVISORIO.-ALAC.;1;420;296;15
4023;221;Nï¿½2---COSTADO DER. ALAC.;1;420;296;15
4023;222;COSTADO IZQ.-ALAC.;1;420;296;15
4023;170;00259 ESTANTE ALACENA 1,40;1;906;140;15
4023;200;Nï¿½1---00261 BASE Y TECHO-ALC. 1,40;1;1400;296;15
4023;300;FONDO ALACENA 1,40;3;461;440;3
4024;200;Nï¿½1---00261 BASE Y TECHO-ALC. 1,40;1;1400;296;15
4024;250;00263 PUERTA-ALAC. 1,40;2;440;457;15
4024;250;00263 PUERTA-ALAC. 1,40;1;440;457;15
4024;223;Nï¿½3---DIVISORIO.-ALAC.;1;420;296;15
4024;221;Nï¿½2---COSTADO DER. ALAC.;1;420;296;15
4024;222;COSTADO IZQ.-ALAC.;1;420;296;15
4024;170;00259 ESTANTE ALACENA 1,40;1;906;140;15
4024;200;Nï¿½1---00261 BASE Y TECHO-ALC. 1,40;1;1400;296;15
4024;300;FONDO ALACENA 1,40;3;461;440;3
4025;200;Nï¿½1---00261 BASE Y TECHO-ALC. 1,40;1;1400;296;15
4025;250;00263 PUERTA-ALAC. 1,40;2;440;457;15
4025;250;00263 PUERTA-ALAC. 1,40;1;440;457;15
4025;223;Nï¿½3---DIVISORIO.-ALAC.;1;420;296;15
4025;221;Nï¿½2---COSTADO DER. ALAC.;1;420;296;15
4025;222;COSTADO IZQ.-ALAC.;1;420;296;15
4025;170;00259 ESTANTE ALACENA 1,40;1;906;140;15
4025;200;Nï¿½1---00261 BASE Y TECHO-ALC. 1,40;1;1400;296;15
4025;300;FONDO ALACENA 1,40;3;461;440;3
4035;1;BASE ALACENA;1;1200;296;15
4035;1;00216 PUERTA-ALAC.;2;440;391;15
4035;1;Nï¿½3---00215 DIVISORIO-ALAC.;1;420;100;15
4035;1;COSTADO DER. ALAC.;1;420;296;15
4035;1;COSTADO DER. ALAC.;1;420;296;15
4035;1;00216 PUERTA-ALAC.;1;440;391;15
4035;1;FONDO ALACENA;3;397;440;3
4035;1;TECHO ALACENA;1;1200;296;15
4035;1;SOPORTE ESTANTE ;1;212;120;15
4035;1;ESTANTE MOVIL ALACENA;1;1168;140;15
4036;1;BASE ALACENA;1;1200;296;15
4036;1;00216 PUERTA-ALAC.;2;440;391;15
4036;1;Nï¿½3---00215 DIVISORIO-ALAC.;1;420;100;15
4036;1;COSTADO DER. ALAC.;1;420;296;15
4036;1;COSTADO DER. ALAC.;1;420;296;15
4036;1;00216 PUERTA-ALAC.;1;440;391;15
4036;1;FONDO ALACENA;3;397;440;3
4036;1;TECHO ALACENA;1;1200;296;15
4036;1;SOPORTE ESTANTE ;1;212;120;15
4036;1;ESTANTE MOVIL ALACENA;1;1168;140;15
4037;1;BASE ALACENA;1;1200;296;15
4037;1;00216 PUERTA-ALAC.;2;440;391;15
4037;1;Nï¿½3---00215 DIVISORIO-ALAC.;1;420;100;15
4037;1;COSTADO DER. ALAC.;1;420;296;15
4037;1;COSTADO DER. ALAC.;1;420;296;15
4037;1;00216 PUERTA-ALAC.;1;440;391;15
4037;1;FONDO ALACENA;3;397;440;3
4037;1;TECHO ALACENA;1;1200;296;15
4037;1;SOPORTE ESTANTE ;1;212;120;15
4037;1;ESTANTE MOVIL ALACENA;1;1168;140;15
4038;1;BASE ALACENA;1;1200;296;15
4038;1;00216 PUERTA-ALAC.;2;440;391;15
4038;1;Nï¿½3---00215 DIVISORIO-ALAC.;1;420;100;15
4038;1;COSTADO DER. ALAC.;1;420;296;15
4038;1;COSTADO DER. ALAC.;1;420;296;15
4038;1;00216 PUERTA-ALAC.;1;440;391;15
4038;1;FONDO ALACENA;3;397;440;3
4038;1;TECHO ALACENA;1;1200;296;15
4038;1;SOPORTE ESTANTE ;1;212;120;15
4038;1;ESTANTE MOVIL ALACENA;1;1168;140;15
4039;1;BASE ALACENA;1;1200;296;15
4039;1;00216 PUERTA-ALAC.;2;440;391;15
4039;1;Nï¿½3---00215 DIVISORIO-ALAC.;1;420;100;15
4039;1;COSTADO DER. ALAC.;1;420;296;15
4039;1;COSTADO DER. ALAC.;1;420;296;15
4039;1;00216 PUERTA-ALAC.;1;440;391;15
4039;1;FONDO ALACENA;3;397;440;3
4039;1;TECHO ALACENA;1;1200;296;15
4039;1;SOPORTE ESTANTE ;1;212;120;15
4039;1;ESTANTE MOVIL ALACENA;1;1168;140;15
4061;1;COSTADO AL DER;1;420;296;15
4061;1;COSTADO AL IZQ;1;400;296;15
4061;1;BASE Y TECHO (AL);2;400;296;15
4061;1;PUERTA (AL);1;440;380;15
4061;1;ESTANTE MOVIL (AL);1;368;140;15
4061;1;FONDO ALACENA;1;440;390;3
4062;1;COSTADO AL DER;1;420;296;15
4062;1;COSTADO AL IZQ;1;400;296;15
4062;1;BASE Y TECHO (AL);2;400;296;15
4062;1;PUERTA (AL);1;440;380;15
4062;1;ESTANTE MOVIL (AL);1;368;140;15
4062;1;FONDO ALACENA;1;440;390;3
4063;1;COSTADO AL DER;1;420;296;15
4063;1;COSTADO AL IZQ;1;400;296;15
4063;1;BASE Y TECHO (AL);2;400;296;15
4063;1;PUERTA (AL);1;440;380;15
4063;1;ESTANTE MOVIL (AL);1;368;140;15
4063;1;FONDO ALACENA;1;440;390;3
4064;1;COSTADO AL DER;1;420;296;15
4064;1;COSTADO AL IZQ;1;400;296;15
4064;1;BASE Y TECHO (AL);2;400;296;15
4064;1;PUERTA (AL);1;440;380;15
4064;1;ESTANTE MOVIL (AL);1;368;140;15
4064;1;FONDO ALACENA;1;440;390;3
4065;1;COSTADO AL DER;1;420;296;15
4065;1;COSTADO AL IZQ;1;400;296;15
4065;1;BASE Y TECHO (AL);2;400;296;15
4065;1;PUERTA (AL);1;440;380;15
4065;1;ESTANTE MOVIL (AL);1;368;140;15
4065;1;FONDO ALACENA;;440;390;3
